"File","Name","Nd","Vd","dPgF","Density"
"CDGM-ZEMAX202409.txt","H-FK55","1.5502","75.224681","0.0229","4.11"
"CDGM-ZEMAX202409.txt","H-FK61","1.497","81.612838","0.0312","3.7"
"CDGM-ZEMAX202409.txt","H-FK61B","1.497","81.605419","0.031","3.68"
"CDGM-ZEMAX202409.txt","H-FK71","1.4565","90.273821","0.0429","3.63"
"CDGM-ZEMAX202409.txt","H-FK95N","1.4378","94.523389","0.0487","3.52"
"CDGM-ZEMAX202409.txt","H-QK1","1.47047","66.876032","0.0005","2.3"
"CDGM-ZEMAX202409.txt","H-QK3L","1.48749","70.440487","0.0035","2.43"
"CDGM-ZEMAX202409.txt","H-K1","1.49967","62.071979","0.0006","2.47"
"CDGM-ZEMAX202409.txt","H-K2","1.50047","66.020774","-0.001","2.42"
"CDGM-ZEMAX202409.txt","H-K3","1.50463","64.720718","-0.0025","2.4"
"CDGM-ZEMAX202409.txt","K4A","1.50802","61.052897","-0.0028","2.43"
"CDGM-ZEMAX202409.txt","H-K5","1.510072","63.364525","0.0012","2.47"
"CDGM-ZEMAX202409.txt","H-K6","1.511125","60.478905","0","2.53"
"CDGM-ZEMAX202409.txt","H-K7","1.51478","60.634896","0.0001","2.54"
"CDGM-ZEMAX202409.txt","H-K8","1.51602","56.794825","-0.0024","2.58"
"CDGM-ZEMAX202409.txt","H-K9L","1.5168","64.198732","-0.0005","2.52"
"CDGM-ZEMAX202409.txt","H-K9LGT","1.5168","64.198732","-0.0005","2.52"
"CDGM-ZEMAX202409.txt","H-K9L*","1.5168","64.198732","-0.0005","2.52"
"CDGM-ZEMAX202409.txt","H-K9LA","1.5168","64.198695","-0.0013","2.51"
"CDGM-ZEMAX202409.txt","H-K9LAGT","1.5168","64.198695","-0.0013","2.51"
"CDGM-ZEMAX202409.txt","H-K10","1.51818","58.949331","0","2.5"
"CDGM-ZEMAX202409.txt","H-K11","1.52638","60.15737","0.0005","2.69"
"CDGM-ZEMAX202409.txt","H-K12","1.533589","55.469983","-0.0023","2.72"
"CDGM-ZEMAX202409.txt","H-K50","1.52249","59.480754","-0.0003","2.52"
"CDGM-ZEMAX202409.txt","H-K51","1.52307","58.639792","-0.0007","2.53"
"CDGM-ZEMAX202409.txt","H-ZPK1A","1.618","63.392702","0.0054","3.61"
"CDGM-ZEMAX202409.txt","H-ZPK2A","1.603001","65.45962","0.0065","3.5"
"CDGM-ZEMAX202409.txt","H-ZPK3","1.59349","67.285372","0.0057","3.36"
"CDGM-ZEMAX202409.txt","H-ZPK5","1.5928","68.342024","0.0154","4.29"
"CDGM-ZEMAX202409.txt","H-ZPK7","1.56907","71.304254","0.02","4.36"
"CDGM-ZEMAX202409.txt","H-BAK1","1.53028","60.466139","0","2.74"
"CDGM-ZEMAX202409.txt","H-BAK2","1.53996","59.724182","0.0004","2.84"
"CDGM-ZEMAX202409.txt","H-BAK3","1.54678","62.776077","-0.0014","2.84"
"CDGM-ZEMAX202409.txt","H-BAK4","1.55248","63.36549","-0.0009","2.9"
"CDGM-ZEMAX202409.txt","H-BAK5","1.56069","58.344731","-0.0007","3.01"
"CDGM-ZEMAX202409.txt","H-BAK6","1.56388","60.764747","-0.0006","3.05"
"CDGM-ZEMAX202409.txt","H-BAK7","1.56883","56.041308","-0.0007","2.83"
"CDGM-ZEMAX202409.txt","H-BAK7GT","1.56883","56.041308","-0.0007","2.83"
"CDGM-ZEMAX202409.txt","H-BAK8","1.5725","57.486797","-0.001","3.18"
"CDGM-ZEMAX202409.txt","H-ZK1","1.56888","62.95699","-0.0011","3.06"
"CDGM-ZEMAX202409.txt","H-ZK2","1.58313","59.460082","-0.0016","3.24"
"CDGM-ZEMAX202409.txt","H-ZK3","1.58913","61.253571","-0.0017","3.26"
"CDGM-ZEMAX202409.txt","H-ZK3A","1.58913","61.2531","-0.0013","3.31"
"CDGM-ZEMAX202409.txt","H-ZK4","1.60881","58.855991","-0.001","3.53"
"CDGM-ZEMAX202409.txt","H-ZK5","1.61117","55.772437","-0.001","3.58"
"CDGM-ZEMAX202409.txt","H-ZK6","1.61272","58.577083","-0.0008","3.54"
"CDGM-ZEMAX202409.txt","H-ZK7A","1.61309","60.355862","-0.0019","3.41"
"CDGM-ZEMAX202409.txt","H-ZK8","1.61405","55.116283","0","3.58"
"CDGM-ZEMAX202409.txt","H-ZK9B","1.62041","60.339343","-0.0016","3.58"
"CDGM-ZEMAX202409.txt","H-ZK9A","1.620412","60.368242","-0.0031","3.53"
"CDGM-ZEMAX202409.txt","H-ZK10","1.6221","56.709831","-0.0018","3.63"
"CDGM-ZEMAX202409.txt","H-ZK10L","1.6228","56.913492","-0.0011","3.63"
"CDGM-ZEMAX202409.txt","H-ZK11","1.63854","55.446553","-0.0013","3.69"
"CDGM-ZEMAX202409.txt","H-ZK14","1.60311","60.603787","-0.0011","3.44"
"CDGM-ZEMAX202409.txt","H-ZK20","1.6172","53.913743","-0.0009","3.66"
"CDGM-ZEMAX202409.txt","H-ZK21","1.62299","58.120667","-0.0024","3.56"
"CDGM-ZEMAX202409.txt","H-ZK50","1.60738","56.654511","-0.001","3.54"
"CDGM-ZEMAX202409.txt","H-ZK50GT","1.60738","56.654511","-0.001","3.54"
"CDGM-ZEMAX202409.txt","H-LAK1","1.6595","57.34726","-0.0021","3.94"
"CDGM-ZEMAX202409.txt","H-LAK2A","1.69211","54.539198","-0.0048","3.94"
"CDGM-ZEMAX202409.txt","H-LAK3","1.74693","50.950085","-0.0085","4.08"
"CDGM-ZEMAX202409.txt","H-LAK4L","1.64","60.202769","-0.006","2.99"
"CDGM-ZEMAX202409.txt","H-LAK5A","1.6779","55.51497","-0.0049","3.8"
"CDGM-ZEMAX202409.txt","H-LAK6A","1.6935","53.380441","-0.0082","3.59"
"CDGM-ZEMAX202409.txt","H-LAK7A","1.713","53.832974","-0.0088","3.74"
"CDGM-ZEMAX202409.txt","H-LAK8B","1.72","50.280736","-0.0068","3.88"
"CDGM-ZEMAX202409.txt","H-LAK8A","1.72","50.343857","-0.0086","3.77"
"CDGM-ZEMAX202409.txt","H-LAK10","1.65113","55.890872","-0.003","3.73"
"CDGM-ZEMAX202409.txt","H-LAK11","1.66461","54.612239","-0.0025","4.02"
"CDGM-ZEMAX202409.txt","H-LAK12","1.6968","56.175305","-0.0071","3.71"
"CDGM-ZEMAX202409.txt","H-LAK50A","1.6516","58.403057","-0.005","3.5"
"CDGM-ZEMAX202409.txt","H-LAK51A","1.6968","55.526357","-0.007","3.56"
"CDGM-ZEMAX202409.txt","H-LAK52","1.72916","54.684737","-0.0078","4.02"
"CDGM-ZEMAX202409.txt","H-LAK53B","1.755","52.322058","-0.0091","4.22"
"CDGM-ZEMAX202409.txt","H-LAK53A","1.755","52.320574","-0.0087","4.39"
"CDGM-ZEMAX202409.txt","H-LAK54","1.734","51.485829","-0.0086","4.01"
"CDGM-ZEMAX202409.txt","H-LAK59A","1.691","54.815309","-0.0052","3.94"
"CDGM-ZEMAX202409.txt","H-LAK61","1.740999","52.676196","-0.0096","4.1"
"CDGM-ZEMAX202409.txt","H-LAK67","1.67","51.738482","-0.0045","3.73"
"CDGM-ZEMAX202409.txt","H-LAK71","1.703","52.406734","-0.0069","3.75"
"CDGM-ZEMAX202409.txt","H-LAK72","1.713","51.80665","-0.0045","4.34"
"CDGM-ZEMAX202409.txt","H-TK9","1.62075","60.300914","0.0118","4.37"
"CDGM-ZEMAX202409.txt","H-KF6","1.51742","52.149249","0.0022","2.47"
"CDGM-ZEMAX202409.txt","H-QF1","1.54814","45.820011","0.0012","2.58"
"CDGM-ZEMAX202409.txt","H-QF3","1.57501","41.504715","0.0025","2.6"
"CDGM-ZEMAX202409.txt","H-QF6A","1.53172","48.839833","0.0037","2.52"
"CDGM-ZEMAX202409.txt","H-QF8","1.54072","47.230007","0.0002","2.54"
"CDGM-ZEMAX202409.txt","H-QF14","1.59551","39.222748","0.0021","2.62"
"CDGM-ZEMAX202409.txt","H-QF50","1.58144","40.888972","0.0013","2.6"
"CDGM-ZEMAX202409.txt","H-QF50A","1.58144","40.746424","0.0014","2.61"
"CDGM-ZEMAX202409.txt","QF50","1.58144","40.885954","-0.0018","3.23"
"CDGM-ZEMAX202409.txt","H-QF56","1.56732","42.810117","0.0028","2.62"
"CDGM-ZEMAX202409.txt","H-F1","1.60342","38.010877","0.0027","2.63"
"CDGM-ZEMAX202409.txt","H-F2","1.61293","37.004441","0.004","2.65"
"CDGM-ZEMAX202409.txt","H-F3","1.61659","36.651688","0.0044","2.68"
"CDGM-ZEMAX202409.txt","H-F4","1.62005","36.345886","0.0047","2.67"
"CDGM-ZEMAX202409.txt","H-F5","1.62435","35.923444","0.0046","2.69"
"CDGM-ZEMAX202409.txt","H-F6","1.62495","35.585173","0.0047","2.69"
"CDGM-ZEMAX202409.txt","H-F13","1.62588","35.698971","0.0046","2.69"
"CDGM-ZEMAX202409.txt","H-F51","1.6398","34.46457","0.0054","2.76"
"CDGM-ZEMAX202409.txt","H-F52","1.61385","34.604703","0.0082","2.74"
"CDGM-ZEMAX202409.txt","H-BAF2","1.5697","49.452646","0.0002","2.82"
"CDGM-ZEMAX202409.txt","H-BAF3","1.57957","53.711637","-0.001","3.14"
"CDGM-ZEMAX202409.txt","H-BAF4","1.58267","46.597786","0.0005","2.91"
"CDGM-ZEMAX202409.txt","H-BAF5","1.60562","43.875621","0.0013","2.97"
"CDGM-ZEMAX202409.txt","H-BAF6","1.60801","46.202418","0.001","3.11"
"CDGM-ZEMAX202409.txt","H-BAF7","1.61413","39.985319","0.0015","2.88"
"CDGM-ZEMAX202409.txt","H-BAF8","1.62604","39.071631","0.0019","2.96"
"CDGM-ZEMAX202409.txt","H-ZBAF1","1.6223","53.170869","-0.0009","3.57"
"CDGM-ZEMAX202409.txt","H-ZBAF3","1.65691","51.12138","-0.0006","3.77"
"CDGM-ZEMAX202409.txt","H-ZBAF4","1.66426","35.484251","0.0042","3.11"
"CDGM-ZEMAX202409.txt","H-ZBAF5","1.67103","47.288963","-0.002","3.58"
"CDGM-ZEMAX202409.txt","H-ZBAF16","1.66672","48.421731","-0.0026","3.59"
"CDGM-ZEMAX202409.txt","H-ZBAF20","1.70154","41.148468","0.0004","3.64"
"CDGM-ZEMAX202409.txt","H-ZBAF21","1.72341","37.991564","0.0028","3.62"
"CDGM-ZEMAX202409.txt","H-ZBAF50","1.65844","50.852265","-0.0013","3.77"
"CDGM-ZEMAX202409.txt","H-ZBAF52","1.67003","47.19506","-0.002","3.57"
"CDGM-ZEMAX202409.txt","H-ZF1","1.64769","33.840317","0.0049","2.73"
"CDGM-ZEMAX202409.txt","H-ZF1A","1.64769","33.887993","0.0058","2.79"
"CDGM-ZEMAX202409.txt","H-ZF2","1.6727","32.171186","0.0073","2.9"
"CDGM-ZEMAX202409.txt","H-ZF3","1.71736","29.49911","0.0093","3.06"
"CDGM-ZEMAX202409.txt","H-ZF4A","1.72825","28.318797","0.0107","3.05"
"CDGM-ZEMAX202409.txt","H-ZF4AGT","1.72825","28.318797","0.0107","3.05"
"CDGM-ZEMAX202409.txt","H-ZF5","1.74","28.295649","0.0104","3.16"
"CDGM-ZEMAX202409.txt","H-ZF6","1.7552","27.530047","0.0111","3.24"
"CDGM-ZEMAX202409.txt","ZF6","1.755205","27.546239","0.002","4.78"
"CDGM-ZEMAX202409.txt","H-ZF7LA","1.80518","25.456256","0.0127","3.35"
"CDGM-ZEMAX202409.txt","H-ZF7LAGT","1.80518","25.456256","0.0127","3.35"
"CDGM-ZEMAX202409.txt","ZF7","1.806277","25.380144","0.0073","5.19"
"CDGM-ZEMAX202409.txt","ZF7L","1.80519","25.471232","0.0074","5.19"
"CDGM-ZEMAX202409.txt","ZF7LGT","1.80519","25.471232","0.0074","5.19"
"CDGM-ZEMAX202409.txt","ZF7LTT","1.80519","25.471232","0.0074","5.19"
"CDGM-ZEMAX202409.txt","H-ZF10","1.68893","31.16057","0.0074","2.92"
"CDGM-ZEMAX202409.txt","H-ZF11","1.69894","30.05045","0.0084","2.95"
"CDGM-ZEMAX202409.txt","H-ZF12","1.76182","26.607986","0.0128","3.17"
"CDGM-ZEMAX202409.txt","H-ZF13","1.78472","25.720045","0.0138","3.25"
"CDGM-ZEMAX202409.txt","H-ZF13GT","1.78472","25.720045","0.0138","3.25"
"CDGM-ZEMAX202409.txt","H-ZF39","1.6668","33.053728","0.0061","2.92"
"CDGM-ZEMAX202409.txt","H-ZF50","1.74077","27.760063","0.0109","3.1"
"CDGM-ZEMAX202409.txt","H-ZF52","1.84666","23.784497","0.0155","3.51"
"CDGM-ZEMAX202409.txt","H-ZF52GT","1.84666","23.784497","0.0155","3.51"
"CDGM-ZEMAX202409.txt","H-ZF52TT","1.84666","23.784497","0.0155","3.51"
"CDGM-ZEMAX202409.txt","H-ZF62","1.92286","20.879915","0.0298","4.01"
"CDGM-ZEMAX202409.txt","H-ZF62GT","1.92286","20.879915","0.0298","4.01"
"CDGM-ZEMAX202409.txt","H-ZF71","1.8081","22.698087","0.0224","3.3"
"CDGM-ZEMAX202409.txt","H-ZF71GT","1.8081","22.698087","0.0224","3.3"
"CDGM-ZEMAX202409.txt","H-ZF72A","1.92286","18.895887","0.0363","3.57"
"CDGM-ZEMAX202409.txt","H-ZF72AGT","1.92286","18.895887","0.0363","3.57"
"CDGM-ZEMAX202409.txt","H-ZF73","1.95906","17.472434","0.0426","3.49"
"CDGM-ZEMAX202409.txt","H-ZF73GT","1.95906","17.472434","0.0426","3.49"
"CDGM-ZEMAX202409.txt","H-ZF88","1.94595","17.941964","0.0401","3.52"
"CDGM-ZEMAX202409.txt","H-ZF88GT","1.94595","17.941964","0.0401","3.52"
"CDGM-ZEMAX202409.txt","H-LAF1","1.69362","49.193837","-0.0028","3.85"
"CDGM-ZEMAX202409.txt","H-LAF2","1.717","47.888609","-0.0035","4.25"
"CDGM-ZEMAX202409.txt","H-LAF3B","1.744","44.900027","-0.0041","4.39"
"CDGM-ZEMAX202409.txt","H-LAF4","1.7495","34.989266","0.0031","3.92"
"CDGM-ZEMAX202409.txt","H-LAF4GT","1.7495","34.989266","0.0031","3.92"
"CDGM-ZEMAX202409.txt","H-LAFL5","1.75367","37.491665","0.0001","3.71"
"CDGM-ZEMAX202409.txt","H-LAF6LA","1.757","47.711817","-0.0088","4.06"
"CDGM-ZEMAX202409.txt","H-LAF7","1.78179","37.092107","-0.0009","3.77"
"CDGM-ZEMAX202409.txt","H-LAF10LA","1.788","47.491731","-0.0097","4.3"
"CDGM-ZEMAX202409.txt","H-LAF50B","1.7725","49.598996","-0.0096","4.24"
"CDGM-ZEMAX202409.txt","H-LAF51","1.7","48.079839","-0.0024","3.82"
"CDGM-ZEMAX202409.txt","H-LAF52","1.7859","44.187159","-0.0083","4.39"
"CDGM-ZEMAX202409.txt","H-LAF53","1.7433","49.221808","-0.009","4.16"
"CDGM-ZEMAX202409.txt","H-LAF54","1.799519","42.253294","-0.0064","4.51"
"CDGM-ZEMAX202409.txt","H-LAF55","1.762","40.105472","-0.0027","4.3"
"CDGM-ZEMAX202409.txt","H-LAF62","1.72","43.680739","-0.0027","3.89"
"CDGM-ZEMAX202409.txt","H-ZLAF1","1.80166","44.263459","-0.0078","4.3"
"CDGM-ZEMAX202409.txt","H-ZLAF2A","1.80279","46.761307","-0.0089","4.65"
"CDGM-ZEMAX202409.txt","H-ZLAF3","1.855449","36.59805","-0.0053","4.5"
"CDGM-ZEMAX202409.txt","H-ZLAF4LA","1.91082","35.25034","-0.0024","5.07"
"CDGM-ZEMAX202409.txt","H-ZLAF4LB","1.91082","35.282389","-0.0022","4.84"
"CDGM-ZEMAX202409.txt","H-ZLAF50E","1.804","46.574487","-0.0088","4.44"
"CDGM-ZEMAX202409.txt","H-ZLAF50D","1.804","46.575016","-0.009","4.52"
"CDGM-ZEMAX202409.txt","H-ZLAF51","1.8045","39.635248","-0.005","4.41"
"CDGM-ZEMAX202409.txt","H-ZLAF52A","1.8061","41.016887","-0.0067","4.48"
"CDGM-ZEMAX202409.txt","H-ZLAF52","1.806099","40.945389","-0.005","4.45"
"CDGM-ZEMAX202409.txt","H-ZLAF53B","1.834","37.210555","-0.004","4.54"
"CDGM-ZEMAX202409.txt","H-ZLAF53BGT","1.834","37.210555","-0.004","4.54"
"CDGM-ZEMAX202409.txt","H-ZLAF55D","1.83481","42.725177","-0.0086","4.56"
"CDGM-ZEMAX202409.txt","H-ZLAF55C","1.83481","42.711575","-0.0081","4.73"
"CDGM-ZEMAX202409.txt","H-ZLAF56B","1.8061","33.268324","0.0034","3.79"
"CDGM-ZEMAX202409.txt","H-ZLAF66","1.801","34.966919","0.0016","3.89"
"CDGM-ZEMAX202409.txt","H-ZLAF66GT","1.801","34.966919","0.0016","3.89"
"CDGM-ZEMAX202409.txt","H-ZLAF68C","1.883","40.847465","-0.0084","5.34"
"CDGM-ZEMAX202409.txt","H-ZLAF68N","1.883","39.2182","-0.006","5.17"
"CDGM-ZEMAX202409.txt","H-ZLAF69","1.816","46.5493","-0.0095","5.01"
"CDGM-ZEMAX202409.txt","H-ZLAF69A","1.816","46.556066","-0.0089","5.06"
"CDGM-ZEMAX202409.txt","H-ZLAF71","1.85026","32.297288","0.0024","4.22"
"CDGM-ZEMAX202409.txt","H-ZLAF71AGT","1.85026","32.216801","0.0029","4.42"
"CDGM-ZEMAX202409.txt","H-ZLAF73","1.881","40.161331","-0.008","5.2"
"CDGM-ZEMAX202409.txt","H-ZLAF75A","1.90366","31.31497","0.0029","4.56"
"CDGM-ZEMAX202409.txt","H-ZLAF75B","1.90366","31.418411","0.0021","4.56"
"CDGM-ZEMAX202409.txt","H-ZLAF75C","1.90366","31.357126","0.0034","4.54"
"CDGM-ZEMAX202409.txt","H-ZLAF76","1.85013","30.055517","0.0056","3.98"
"CDGM-ZEMAX202409.txt","H-ZLAF76A","1.85013","30.012319","0.0052","4.31"
"CDGM-ZEMAX202409.txt","H-ZLAF78B","1.90069","37.050531","-0.0046","4.95"
"CDGM-ZEMAX202409.txt","H-ZLAF89L","1.95375","32.30879","-0.0001","5.1"
"CDGM-ZEMAX202409.txt","H-ZLAF89LA","1.95375","32.276235","-0.0001","4.93"
"CDGM-ZEMAX202409.txt","H-ZLAF90","2.00069","25.425752","0.0117","4.74"
"CDGM-ZEMAX202409.txt","H-ZLAF90A","2.00069","25.458056","0.0117","4.73"
"CDGM-ZEMAX202409.txt","H-ZLAF91","2.001","29.151347","0.0039","5.14"
"CDGM-ZEMAX202409.txt","H-ZLAF92","2.0033","28.316305","0.0057","5.02"
"CDGM-ZEMAX202409.txt","H-ZLAF92A","2.0033","28.275906","0.0057","4.91"
"CDGM-ZEMAX202409.txt","H-ZLAF96","2.0509","26.985858","0.0061","5.29"
"CDGM-ZEMAX202409.txt","H-TF3L","1.6134","44.107022","-0.005","2.8"
"CDGM-ZEMAX202409.txt","H-TF5","1.6541","39.539424","-0.0059","3.01"
"CDGM-ZEMAX202409.txt","D-FK61","1.497","81.611615","0.0322","3.9"
"CDGM-ZEMAX202409.txt","D-FK61-25","1.49653","81.531772","0.0321","3.9"
"CDGM-ZEMAX202409.txt","D-FK61A","1.497","81.605419","0.031","3.68"
"CDGM-ZEMAX202409.txt","D-FK61A-25","1.49665","81.549116","0.0309","3.68"
"CDGM-ZEMAX202409.txt","D-FK95","1.4378","94.523389","0.0487","3.52"
"CDGM-ZEMAX202409.txt","D-FK95-25","1.43744","94.438841","0.0486","3.52"
"CDGM-ZEMAX202409.txt","D-QK3L","1.48749","70.440487","0.0035","2.43"
"CDGM-ZEMAX202409.txt","D-QK3L-25","1.48687","70.417086","0.0033","2.43"
"CDGM-ZEMAX202409.txt","D-K9","1.51633","64.058952","-0.0027","2.41"
"CDGM-ZEMAX202409.txt","D-K9-25","1.51577","63.989637","-0.0029","2.41"
"CDGM-ZEMAX202409.txt","D-K9GT","1.51633","64.058952","-0.0027","2.41"
"CDGM-ZEMAX202409.txt","D-K9GT-25","1.51577","63.989637","-0.0029","2.41"
"CDGM-ZEMAX202409.txt","D-K59","1.5176","63.499991","-0.0025","2.41"
"CDGM-ZEMAX202409.txt","D-K59-25","1.51698","63.4085","-0.0029","2.41"
"CDGM-ZEMAX202409.txt","D-PK3","1.525","70.370578","0.0048","2.65"
"CDGM-ZEMAX202409.txt","D-PK3-25","1.52368","70.274839","0.0047","2.65"
"CDGM-ZEMAX202409.txt","D-ZPK1A","1.62087","63.828532","0.0063","3.69"
"CDGM-ZEMAX202409.txt","D-ZPK1A-25","1.61999","63.763831","0.0062","3.69"
"CDGM-ZEMAX202409.txt","D-ZPK3","1.59419","67.295385","0.0057","3.37"
"CDGM-ZEMAX202409.txt","D-ZPK3-25","1.59327","67.22642","0.0054","3.37"
"CDGM-ZEMAX202409.txt","D-ZPK5","1.5928","68.342024","0.0154","4.29"
"CDGM-ZEMAX202409.txt","D-ZPK5-25","1.59216","68.281511","0.0154","4.29"
"CDGM-ZEMAX202409.txt","D-ZPK7","1.56907","71.304254","0.02","4.36"
"CDGM-ZEMAX202409.txt","D-ZPK7-25","1.56854","71.235367","0.0199","4.36"
"CDGM-ZEMAX202409.txt","D-ZK2","1.58313","59.381686","-0.0033","2.96"
"CDGM-ZEMAX202409.txt","D-ZK2-25","1.58241","59.308255","-0.0035","2.96"
"CDGM-ZEMAX202409.txt","D-ZK2A","1.58313","59.539751","-0.0022","3.09"
"CDGM-ZEMAX202409.txt","D-ZK2A-25","1.58229","59.453631","-0.0024","3.09"
"CDGM-ZEMAX202409.txt","D-ZK2L","1.587","59.600321","-0.0033","2.99"
"CDGM-ZEMAX202409.txt","D-ZK2L-25","1.58625","59.524868","-0.0035","2.99"
"CDGM-ZEMAX202409.txt","D-ZK3","1.58913","61.152901","-0.0053","2.83"
"CDGM-ZEMAX202409.txt","D-ZK3-25","1.58833","61.284362","-0.0039","2.83"
"CDGM-ZEMAX202409.txt","D-ZK3A","1.58913","61.101573","-0.0044","3.01"
"CDGM-ZEMAX202409.txt","D-ZK3A-25","1.58828","61.012484","-0.0046","3.01"
"CDGM-ZEMAX202409.txt","D-ZK3L","1.5917","60.701147","-0.0045","2.84"
"CDGM-ZEMAX202409.txt","D-ZK3L-25","1.5909","60.618517","-0.0046","2.84"
"CDGM-ZEMAX202409.txt","D-ZK21","1.62446","58.207924","-0.0065","2.99"
"CDGM-ZEMAX202409.txt","D-ZK21-25","1.62346","58.115078","-0.0066","2.99"
"CDGM-ZEMAX202409.txt","D-ZK79","1.60886","57.895896","-0.0024","3.19"
"CDGM-ZEMAX202409.txt","D-ZK79-25","1.60809","57.820851","-0.0026","3.19"
"CDGM-ZEMAX202409.txt","D-LAK5","1.6779","54.889665","-0.0067","3.37"
"CDGM-ZEMAX202409.txt","D-LAK5-25","1.67686","54.805426","-0.0069","3.37"
"CDGM-ZEMAX202409.txt","D-LAK6","1.69384","53.128245","-0.0082","3.5"
"CDGM-ZEMAX202409.txt","D-LAK6-25","1.69281","53.049215","-0.0083","3.5"
"CDGM-ZEMAX202409.txt","D-LAK52","1.7305","53.944268","-0.0083","4"
"CDGM-ZEMAX202409.txt","D-LAK52-25","1.72924","53.851219","-0.0084","4"
"CDGM-ZEMAX202409.txt","D-LAK70","1.6691","55.389689","-0.0066","3.35"
"CDGM-ZEMAX202409.txt","D-LAK70-25","1.668","55.295752","-0.0067","3.35"
"CDGM-ZEMAX202409.txt","D-ZF10","1.68893","31.077677","0.007","2.84"
"CDGM-ZEMAX202409.txt","D-ZF10-25","1.68731","31.183804","0.0067","2.84"
"CDGM-ZEMAX202409.txt","D-ZF93","2.0017","20.700195","0.0285","6.11"
"CDGM-ZEMAX202409.txt","D-ZF93-25","1.9998","20.686444","0.0283","6.11"
"CDGM-ZEMAX202409.txt","D-LAF50","1.774","49.590362","-0.0065","4.93"
"CDGM-ZEMAX202409.txt","D-LAF50-25","1.77288","49.519338","-0.0066","4.93"
"CDGM-ZEMAX202409.txt","D-LAF050","1.76842","49.28216","-0.0094","4.51"
"CDGM-ZEMAX202409.txt","D-LAF050-25","1.76709","49.197491","-0.0095","4.51"
"CDGM-ZEMAX202409.txt","D-LAF53","1.7433","49.325949","-0.0089","4.26"
"CDGM-ZEMAX202409.txt","D-LAF53-25","1.7421","49.246024","-0.009","4.26"
"CDGM-ZEMAX202409.txt","D-LAF79","1.73077","40.508021","-0.0047","3.21"
"CDGM-ZEMAX202409.txt","D-LAF79-25","1.72986","40.497566","-0.0049","3.21"
"CDGM-ZEMAX202409.txt","D-ZLAF50","1.80337","45.491557","-0.0089","4.89"
"CDGM-ZEMAX202409.txt","D-ZLAF50-25","1.80225","45.452746","-0.009","4.89"
"CDGM-ZEMAX202409.txt","D-ZLAF52LA","1.81","40.992863","-0.006","4.56"
"CDGM-ZEMAX202409.txt","D-ZLAF52LA-25","1.80882","40.970313","-0.0058","4.56"
"CDGM-ZEMAX202409.txt","D-ZLAF61","1.82241","42.714541","-0.0068","4.92"
"CDGM-ZEMAX202409.txt","D-ZLAF61-25","1.82131","42.674895","-0.0068","4.92"
"CDGM-ZEMAX202409.txt","D-ZLAF67","1.88385","37.198899","-0.0047","5.5"
"CDGM-ZEMAX202409.txt","D-ZLAF67-25","1.88259","37.185491","-0.0047","5.5"
"CDGM-ZEMAX202409.txt","D-ZLAF81","1.8088","40.999441","-0.0059","4.55"
"CDGM-ZEMAX202409.txt","D-ZLAF81-25","1.80757","40.97334","-0.006","4.55"
"CDGM-ZEMAX202409.txt","D-ZLAF85A","1.85222","40.10819","-0.0075","5.22"
"CDGM-ZEMAX202409.txt","D-ZLAF85A-25","1.8511","40.055609","-0.0075","5.22"
"CDGM-ZEMAX202409.txt","D-ZLAF85LN","1.84558","40.094322","-0.006","4.96"
"CDGM-ZEMAX202409.txt","D-ZLAF85LN-25","1.84443","40.067973","-0.0062","4.96"
"CDGM-ZEMAX202409.txt","D-ZLAF85L","1.8537","40.579411","-0.0081","5.28"
"CDGM-ZEMAX202409.txt","D-ZLAF85L-25","1.8526","40.534071","-0.0081","5.28"
"CDGM-ZEMAX202409.txt","D-ZLAF85LS","1.8545","40.593546","-0.008","5.29"
"CDGM-ZEMAX202409.txt","D-ZLAF85LS-25","1.85344","40.557917","-0.008","5.29"
"CDGM-ZEMAX202409.txt","H-FK61GTI","1.497","81.612838","0.0312","3.7"
"CDGM-ZEMAX202409.txt","H-QK3LGTI","1.48749","70.440487","0.0035","2.43"
"CDGM-ZEMAX202409.txt","H-QK30GTI","1.48217","70.299764","0.0047","2.45"
"CDGM-ZEMAX202409.txt","H-K90GTI","1.51948","63.291634","-0.0016","2.52"
"CDGM-ZEMAX202409.txt","QF50GTI","1.58144","40.885954","-0.0018","3.23"
"CDGM-ZEMAX202409.txt","F4GTI","1.62005","36.430327","-0.0007","3.57"
"CDGM-ZEMAX202409.txt","HWS1","0","4.68","4","363"
"CDGM-ZEMAX202409.txt","HWS2","0","4.71","4","293.4"
"CDGM-ZEMAX202409.txt","HWS3","0","4.42","4","414.4"
"CDGM-ZEMAX202409.txt","HWS4","0","4.41","4","277.4"
"CDGM-ZEMAX202409.txt","HWS5","0","4.47","4","228.7"
"CDGM-ZEMAX202409.txt","HWS6","0","4.63","4","140.8"
"CDGM-ZEMAX202409.txt","HWS7","0","4.84","4","378.9"
"CDGM-ZEMAX202409.txt","HWS27","0","3.2","4","186"
"CDGM-ZEMAX202409.txt","H-FK71A","1.456498","90.470884","0.0415","3.64"
"CDGM-ZEMAX202409.txt","H-BAK7A","1.568828","56.127804","-0.0026","2.84"
"CDGM-ZEMAX202409.txt","H-ZK7","1.613095","60.614383","-0.0041","3.51"
"CDGM-ZEMAX202409.txt","QF1","1.5481","45.886233","0.0013","2.94"
"CDGM-ZEMAX202409.txt","QF3","1.575026","41.29692","-0.001","3.18"
"CDGM-ZEMAX202409.txt","QF5","1.582153","42.039634","-0.0014","3.22"
"CDGM-ZEMAX202409.txt","QF6","1.531719","48.755584","-0.0024","2.78"
"CDGM-ZEMAX202409.txt","QF8","1.540718","47.198243","-0.0032","2.86"
"CDGM-ZEMAX202409.txt","F1","1.603417","38.01487","-0.0022","3.43"
"CDGM-ZEMAX202409.txt","F2","1.612929","36.986002","-0.0014","3.5"
"CDGM-ZEMAX202409.txt","F3","1.616592","36.627394","-0.0026","3.57"
"CDGM-ZEMAX202409.txt","F4","1.620047","36.35673","0","3.57"
"CDGM-ZEMAX202409.txt","F5","1.624353","35.938411","-0.0034","3.64"
"CDGM-ZEMAX202409.txt","F6","1.624954","35.577816","-0.0011","3.6"
"CDGM-ZEMAX202409.txt","F7","1.636365","35.386204","-0.0033","3.73"
"CDGM-ZEMAX202409.txt","F13","1.625884","35.713679","-0.0009","3.63"
"CDGM-ZEMAX202409.txt","BAF2","1.569703","49.435926","-0.0007","3.14"
"CDGM-ZEMAX202409.txt","BAF4","1.582712","46.505886","0.0007","3.28"
"CDGM-ZEMAX202409.txt","BAF5","1.605623","43.890292","-0.0008","3.5"
"CDGM-ZEMAX202409.txt","BAF7","1.614131","40.025731","0.0001","3.56"
"CDGM-ZEMAX202409.txt","ZBAF2","1.639616","48.230454","-0.002","3.83"
"CDGM-ZEMAX202409.txt","ZBAF17","1.667554","41.957211","-0.0014","3.8"
"CDGM-ZEMAX202409.txt","ZBAF51","1.682726","44.528543","0.0004","4.14"
"CDGM-ZEMAX202409.txt","ZF1","1.647693","33.836872","0.0006","3.84"
"CDGM-ZEMAX202409.txt","ZF2","1.672707","32.180986","-0.0014","4.08"
"CDGM-ZEMAX202409.txt","ZF3","1.717365","29.510385","0.0012","4.46"
"CDGM-ZEMAX202409.txt","ZF4","1.728251","28.3239","0.0064","4.51"
"CDGM-ZEMAX202409.txt","ZF5","1.739999","28.245048","0.0039","4.65"
"CDGM-ZEMAX202409.txt","ZF8","1.65446","33.651201","-0.0001","3.91"
"CDGM-ZEMAX202409.txt","ZF10","1.688934","31.184753","-0.0002","4.21"
"CDGM-ZEMAX202409.txt","ZF11","1.698949","30.065686","0.0048","4.06"
"CDGM-ZEMAX202409.txt","ZF12","1.761822","26.555686","0.0066","4.64"
"CDGM-ZEMAX202409.txt","ZF13","1.784724","25.754051","0.008","4.87"
"CDGM-ZEMAX202409.txt","ZF50","1.74077","27.76788","0.005","4.46"
"CDGM-ZEMAX202409.txt","ZF51","1.784701","26.075871","0.0052","4.99"
"CDGM-ZEMAX202409.txt","H-ZF52A","1.84667","23.791236","0.0151","3.52"
"CDGM-ZEMAX202409.txt","ZF52","1.846669","23.827549","0.014","5.49"
"CDGM-ZEMAX202409.txt","H-ZLAF68B","1.883004","40.806875","-0.0067","5.53"
"CDGM-ZEMAX202409.txt","TF3","1.612423","44.093486","-0.0073","3.25"
"CDGM-ZEMAX202409.txt","H-TF8","1.72046","34.757746","-0.0014","3.51"
"NHG202501.txt","S-FK61","1.496996","81.555509","0.0305","3.67"
"NHG202501.txt","H-FK61","1.496996","81.555509","0.0305","3.67"
"NHG202501.txt","S-FK69","1.592828","68.6293","0.0145","4.07"
"NHG202501.txt","H-FK69","1.592828","68.6293","0.0145","4.07"
"NHG202501.txt","S-FK76","1.550318","75.508716","0.021","4.13"
"NHG202501.txt","H-FK76","1.550318","75.508716","0.021","4.13"
"NHG202501.txt","S-FK90","1.458596","90.172097","0.045","3.64"
"NHG202501.txt","H-FK90","1.458596","90.172097","0.045","3.64"
"NHG202501.txt","S-FK95","1.437001","95.12334","0.0475","3.56"
"NHG202501.txt","H-FK95","1.437001","95.12334","0.0475","3.56"
"NHG202501.txt","S-QK3L","1.487487","70.393467","0.0037","2.48"
"NHG202501.txt","H-QK3L","1.487487","70.393467","0.0037","2.48"
"NHG202501.txt","S-PK60","1.593492","66.987879","0.0039","3.27"
"NHG202501.txt","H-PK60","1.593492","66.987879","0.0039","3.27"
"NHG202501.txt","S-PK62A","1.617996","63.356702","0.0012","3.53"
"NHG202501.txt","H-PK62A","1.617996","63.356702","0.0012","3.53"
"NHG202501.txt","S-PK63","1.603001","65.452382","0.0023","3.64"
"NHG202501.txt","H-PK63","1.603001","65.452382","0.0023","3.64"
"NHG202501.txt","S-PK65","1.619964","63.926917","0.0045","3.52"
"NHG202501.txt","H-PK65","1.619964","63.926917","0.0045","3.52"
"NHG202501.txt","H-PK71","1.569071","71.298607","0.0199","4.27"
"NHG202501.txt","S-PK71","1.569071","71.298607","0.0199","4.27"
"NHG202501.txt","S-K6","1.511122","60.460477","0","2.53"
"NHG202501.txt","H-K6","1.511122","60.460477","0","2.53"
"NHG202501.txt","S-K9L","1.516794","64.19914","0.0009","2.49"
"NHG202501.txt","H-K9L","1.516794","64.19914","0.0009","2.49"
"NHG202501.txt","S-K10","1.518172","58.934085","0.0004","2.52"
"NHG202501.txt","H-K10","1.518172","58.934085","0.0004","2.52"
"NHG202501.txt","S-K12","1.533587","55.467409","-0.0036","2.73"
"NHG202501.txt","H-K12","1.533587","55.467409","-0.0036","2.73"
"NHG202501.txt","S-K51","1.523076","58.632139","-0.0059","2.52"
"NHG202501.txt","H-K51","1.523076","58.632139","-0.0059","2.52"
"NHG202501.txt","S-BAK2","1.53996","59.683117","-0.0002","2.85"
"NHG202501.txt","H-BAK2","1.53996","59.683117","-0.0002","2.85"
"NHG202501.txt","S-BAK7B","1.568826","56.042013","-0.0017","2.85"
"NHG202501.txt","H-BAK7B","1.568826","56.042013","-0.0017","2.85"
"NHG202501.txt","S-BAK8","1.572498","57.45189","0.0001","3.17"
"NHG202501.txt","H-BAK8","1.572498","57.45189","0.0001","3.17"
"NHG202501.txt","H-ZK2","1.58313","59.417874","0.0007","3.12"
"NHG202501.txt","S-ZK2","1.58313","59.417874","0.0007","3.12"
"NHG202501.txt","S-ZK3A","1.589122","61.238816","-0.0002","3.31"
"NHG202501.txt","H-ZK3A","1.589122","61.238816","-0.0002","3.31"
"NHG202501.txt","S-ZK6","1.612716","58.605083","-0.0004","3.59"
"NHG202501.txt","H-ZK6","1.612716","58.605083","-0.0004","3.59"
"NHG202501.txt","S-ZK7","1.613092","60.600573","-0.0025","3.5"
"NHG202501.txt","H-ZK7","1.613092","60.600573","-0.0025","3.5"
"NHG202501.txt","S-ZK9","1.620405","60.295118","-0.0035","3.57"
"NHG202501.txt","H-ZK9","1.620405","60.295118","-0.0035","3.57"
"NHG202501.txt","S-ZK9A","1.620408","60.362686","-0.0035","3.55"
"NHG202501.txt","H-ZK9A","1.620408","60.362686","-0.0035","3.55"
"NHG202501.txt","S-ZK10","1.622089","56.685961","-0.0015","3.63"
"NHG202501.txt","H-ZK10","1.622089","56.685961","-0.0015","3.63"
"NHG202501.txt","S-ZK10N","1.622798","56.960007","-0.0028","3.64"
"NHG202501.txt","H-ZK10N","1.622798","56.960007","-0.0028","3.64"
"NHG202501.txt","S-ZK11","1.638536","55.429194","-0.001","3.67"
"NHG202501.txt","H-ZK11","1.638536","55.429194","-0.001","3.67"
"NHG202501.txt","S-ZK14","1.603107","60.64783","-0.0023","3.42"
"NHG202501.txt","H-ZK14","1.603107","60.64783","-0.0023","3.42"
"NHG202501.txt","S-ZK20","1.617201","53.926963","-0.0037","3.6"
"NHG202501.txt","H-ZK20","1.617201","53.926963","-0.0037","3.6"
"NHG202501.txt","S-ZK21","1.622987","58.071717","-0.0022","3.61"
"NHG202501.txt","H-ZK21","1.622987","58.071717","-0.0022","3.61"
"NHG202501.txt","S-ZK50","1.607379","56.65374","-0.002","3.47"
"NHG202501.txt","H-ZK50","1.607379","56.65374","-0.002","3.47"
"NHG202501.txt","S-LAK1","1.659492","57.376144","-0.004","3.64"
"NHG202501.txt","H-LAK1","1.659492","57.376144","-0.004","3.64"
"NHG202501.txt","S-LAK2","1.690991","54.746808","-0.0089","3.63"
"NHG202501.txt","H-LAK2","1.690991","54.746808","-0.0089","3.63"
"NHG202501.txt","S-LAK2H","1.692122","54.544682","-0.0116","3.53"
"NHG202501.txt","H-LAK2H","1.692122","54.544682","-0.0116","3.53"
"NHG202501.txt","S-LAK3","1.746927","50.920218","-0.0085","4.1"
"NHG202501.txt","H-LAK3","1.746927","50.920218","-0.0085","4.1"
"NHG202501.txt","S-LAK4L","1.639999","60.223112","-0.0093","2.98"
"NHG202501.txt","H-LAK4L","1.639999","60.223112","-0.0093","2.98"
"NHG202501.txt","S-LAK5A","1.677904","55.530426","-0.0084","3.53"
"NHG202501.txt","H-LAK5A","1.677904","55.530426","-0.0084","3.53"
"NHG202501.txt","S-LAK6","1.693492","53.348586","-0.01","3.57"
"NHG202501.txt","H-LAK6","1.693492","53.348586","-0.01","3.57"
"NHG202501.txt","S-LAK7","1.712991","53.93191","-0.0071","3.78"
"NHG202501.txt","H-LAK7","1.712991","53.93191","-0.0071","3.78"
"NHG202501.txt","S-LAK8A","1.719993","50.331734","-0.0097","3.87"
"NHG202501.txt","H-LAK8A","1.719993","50.331734","-0.0097","3.87"
"NHG202501.txt","H-LAK8B","1.72","50.342168","-0.0083","3.91"
"NHG202501.txt","S-LAK8B","1.72","50.342168","-0.0083","3.91"
"NHG202501.txt","S-LAK9","1.699305","51.122987","-0.0018","4.26"
"NHG202501.txt","H-LAK9","1.699305","51.122987","-0.0018","4.26"
"NHG202501.txt","S-LAK10","1.651131","55.865006","-0.0074","3.72"
"NHG202501.txt","H-LAK10","1.651131","55.865006","-0.0074","3.72"
"NHG202501.txt","S-LAK11","1.650999","56.20998","-0.0068","3.34"
"NHG202501.txt","H-LAK11","1.650999","56.20998","-0.0068","3.34"
"NHG202501.txt","S-LAK12","1.69679","56.185558","-0.0108","3.71"
"NHG202501.txt","H-LAK12","1.69679","56.185558","-0.0108","3.71"
"NHG202501.txt","S-LAK50A","1.651597","58.394259","-0.0034","3.48"
"NHG202501.txt","H-LAK50A","1.651597","58.394259","-0.0034","3.48"
"NHG202501.txt","S-LAK51","1.696796","55.43873","-0.0095","3.69"
"NHG202501.txt","H-LAK51","1.696796","55.43873","-0.0095","3.69"
"NHG202501.txt","S-LAK51A","1.696805","55.509508","-0.0095","3.65"
"NHG202501.txt","H-LAK51A","1.696805","55.509508","-0.0095","3.65"
"NHG202501.txt","S-LAK52","1.729154","54.641724","-0.0077","3.98"
"NHG202501.txt","H-LAK52","1.729154","54.641724","-0.0077","3.98"
"NHG202501.txt","S-LAK53A","1.754998","52.309243","-0.0099","4.24"
"NHG202501.txt","H-LAK53A","1.754998","52.309243","-0.0099","4.24"
"NHG202501.txt","S-LAK53B","1.755004","52.349145","-0.0092","4.18"
"NHG202501.txt","H-LAK53B","1.755004","52.349145","-0.0092","4.18"
"NHG202501.txt","S-LAK54","1.733998","51.014759","-0.0121","4.07"
"NHG202501.txt","H-LAK54","1.733998","51.014759","-0.0121","4.07"
"NHG202501.txt","S-LAK61","1.740992","52.710509","-0.0077","4.1"
"NHG202501.txt","H-LAK61","1.740992","52.710509","-0.0077","4.1"
"NHG202501.txt","S-LAK68","1.677894","50.698751","-0.0034","3.86"
"NHG202501.txt","H-LAK68","1.677894","50.698751","-0.0034","3.86"
"NHG202501.txt","H-LAK72","1.724","52.497051","-0.0075","4.01"
"NHG202501.txt","S-LAK72","1.724","52.497051","-0.0075","4.01"
"NHG202501.txt","S-LAK77","1.775353","50.308672","-0.0091","4.35"
"NHG202501.txt","H-LAK77","1.775353","50.308672","-0.0091","4.35"
"NHG202501.txt","S-KF6","1.517414","52.157709","0.0054","2.52"
"NHG202501.txt","H-KF6","1.517414","52.157709","0.0054","2.52"
"NHG202501.txt","S-QF14","1.595504","39.203759","0.0064","2.71"
"NHG202501.txt","H-QF14","1.595504","39.203759","0.0064","2.71"
"NHG202501.txt","S-QF50","1.581438","40.913154","-0.0018","2.64"
"NHG202501.txt","H-QF50","1.581438","40.913154","-0.0018","2.64"
"NHG202501.txt","S-F1","1.603419","37.999741","0.0016","2.63"
"NHG202501.txt","H-F1","1.603419","37.999741","0.0016","2.63"
"NHG202501.txt","S-F4","1.620045","36.334097","0.0053","2.66"
"NHG202501.txt","H-F4","1.620045","36.334097","0.0053","2.66"
"NHG202501.txt","S-F13","1.625879","35.673663","0.0043","2.72"
"NHG202501.txt","H-F13","1.625879","35.673663","0.0043","2.72"
"NHG202501.txt","S-ZF1","1.647696","33.849224","0.003","2.73"
"NHG202501.txt","H-ZF1","1.647696","33.849224","0.003","2.73"
"NHG202501.txt","S-ZF1B","1.647683","33.853976","0.003","2.77"
"NHG202501.txt","H-ZF1B","1.647683","33.853976","0.003","2.77"
"NHG202501.txt","S-ZF2","1.672696","32.159878","0.0086","2.9"
"NHG202501.txt","H-ZF2","1.672696","32.159878","0.0086","2.9"
"NHG202501.txt","S-ZF3","1.717363","29.506542","0.0095","3.06"
"NHG202501.txt","H-ZF3","1.717363","29.506542","0.0095","3.06"
"NHG202501.txt","S-ZF4","1.728249","28.324976","0.0105","3.05"
"NHG202501.txt","H-ZF4","1.728249","28.324976","0.0105","3.05"
"NHG202501.txt","S-ZF4GT","1.728249","28.324976","0.0105","3.05"
"NHG202501.txt","H-ZF4A","1.728248","28.318772","0.0105","3.05"
"NHG202501.txt","S-ZF4A","1.728248","28.318772","0.0105","3.05"
"NHG202501.txt","H-ZF4AGT","1.728248","28.318772","0.0105","3.05"
"NHG202501.txt","S-ZF4AGT","1.728248","28.318772","0.0105","3.05"
"NHG202501.txt","H-ZF4GT","1.728249","28.324976","0.0105","3.05"
"NHG202501.txt","S-ZF5","1.74","28.290105","0.011","3.09"
"NHG202501.txt","H-ZF5","1.74","28.290105","0.011","3.09"
"NHG202501.txt","S-ZF5GT","1.74","28.290105","0.011","3.09"
"NHG202501.txt","H-ZF5GT","1.74","28.290105","0.011","3.09"
"NHG202501.txt","S-ZF6","1.755202","27.542325","0.0105","3.15"
"NHG202501.txt","H-ZF6","1.755202","27.542325","0.0105","3.15"
"NHG202501.txt","S-ZF6GT","1.755202","27.542325","0.0105","3.15"
"NHG202501.txt","H-ZF6GT","1.755202","27.542325","0.0105","3.15"
"NHG202501.txt","S-ZF7L","1.805179","25.448202","0.0142","3.38"
"NHG202501.txt","H-ZF7L","1.805179","25.448202","0.0142","3.38"
"NHG202501.txt","S-ZF7LGT","1.805179","25.448202","0.0142","3.38"
"NHG202501.txt","H-ZF7LGT","1.805179","25.448202","0.0142","3.38"
"NHG202501.txt","S-ZF10","1.688934","31.156917","0.007","2.93"
"NHG202501.txt","H-ZF10","1.688934","31.156917","0.007","2.93"
"NHG202501.txt","S-ZF11","1.69895","30.052043","0.0087","2.96"
"NHG202501.txt","H-ZF11","1.69895","30.052043","0.0087","2.96"
"NHG202501.txt","S-ZF12","1.761821","26.619569","0.0129","3.16"
"NHG202501.txt","H-ZF12","1.761821","26.619569","0.0129","3.16"
"NHG202501.txt","S-ZF12GT","1.761821","26.619569","0.0129","3.16"
"NHG202501.txt","H-ZF12GT","1.761821","26.619569","0.0129","3.16"
"NHG202501.txt","S-ZF13","1.78472","25.72922","0.0133","3.22"
"NHG202501.txt","H-ZF13","1.78472","25.72922","0.0133","3.22"
"NHG202501.txt","S-ZF13GT","1.78472","25.72922","0.0133","3.22"
"NHG202501.txt","H-ZF13GT","1.78472","25.72922","0.0133","3.22"
"NHG202501.txt","S-ZF50","1.740771","27.766042","0.0103","3.05"
"NHG202501.txt","H-ZF50","1.740771","27.766042","0.0103","3.05"
"NHG202501.txt","S-ZF50GT","1.740771","27.766042","0.0103","3.05"
"NHG202501.txt","H-ZF50GT","1.740771","27.766042","0.0103","3.05"
"NHG202501.txt","S-ZF52N","1.846657","23.789972","0.0154","3.54"
"NHG202501.txt","H-ZF52N","1.846657","23.789972","0.0154","3.54"
"NHG202501.txt","S-ZF52NGT","1.846657","23.789972","0.0154","3.54"
"NHG202501.txt","H-ZF52NGT","1.846657","23.789972","0.0154","3.54"
"NHG202501.txt","S-ZF56","1.854787","24.801665","0.0094","3.49"
"NHG202501.txt","H-ZF56","1.854787","24.801665","0.0094","3.49"
"NHG202501.txt","S-ZF62","1.922862","20.886305","0.0284","3.93"
"NHG202501.txt","H-ZF62","1.922862","20.886305","0.0284","3.93"
"NHG202501.txt","S-ZF62GT","1.922862","20.886305","0.0284","3.93"
"NHG202501.txt","H-ZF62GT","1.922862","20.886305","0.0284","3.93"
"NHG202501.txt","S-ZF72B","1.922857","18.899816","0.0377","3.57"
"NHG202501.txt","H-ZF72B","1.922857","18.899816","0.0377","3.57"
"NHG202501.txt","S-ZF72GT","1.922857","18.899816","0.0377","3.57"
"NHG202501.txt","H-ZF72GT","1.922857","18.899816","0.0377","3.57"
"NHG202501.txt","S-ZF75A","1.945948","17.988963","0.0412","3.53"
"NHG202501.txt","H-ZF75A","1.945948","17.988963","0.0412","3.53"
"NHG202501.txt","S-ZF75GT","1.945948","17.988963","0.0412","3.53"
"NHG202501.txt","H-ZF75GT","1.945948","17.988963","0.0412","3.53"
"NHG202501.txt","S-ZF76","1.959059","17.47225","0.042","3.56"
"NHG202501.txt","H-ZF76","1.959059","17.47225","0.042","3.56"
"NHG202501.txt","S-TF3L","1.613394","44.124974","-0.008","2.84"
"NHG202501.txt","H-TF3L","1.613394","44.124974","-0.008","2.84"
"NHG202501.txt","S-ZBAF3","1.656911","51.144642","-0.0023","3.89"
"NHG202501.txt","H-ZBAF3","1.656911","51.144642","-0.0023","3.89"
"NHG202501.txt","S-ZBAF5","1.671025","47.292797","0.0008","3.58"
"NHG202501.txt","H-ZBAF5","1.671025","47.292797","0.0008","3.58"
"NHG202501.txt","S-ZBAF10","1.617726","49.806812","-0.001","3.16"
"NHG202501.txt","H-ZBAF10","1.617726","49.806812","-0.001","3.16"
"NHG202501.txt","S-ZBAF16","1.666715","48.396742","-0.0003","3.67"
"NHG202501.txt","H-ZBAF16","1.666715","48.396742","-0.0003","3.67"
"NHG202501.txt","S-ZBAF16A","1.666719","48.409116","-0.0032","3.63"
"NHG202501.txt","H-ZBAF16A","1.666719","48.409116","-0.0032","3.63"
"NHG202501.txt","S-ZBAF20","1.701541","41.176531","0.0013","3.64"
"NHG202501.txt","H-ZBAF20","1.701541","41.176531","0.0013","3.64"
"NHG202501.txt","S-ZBAF21","1.723412","37.999234","0.0014","3.61"
"NHG202501.txt","H-ZBAF21","1.723412","37.999234","0.0014","3.61"
"NHG202501.txt","S-ZBAF50","1.658436","50.844235","-0.0015","3.9"
"NHG202501.txt","H-ZBAF50","1.658436","50.844235","-0.0015","3.9"
"NHG202501.txt","S-ZBAF52","1.670029","47.195831","-0.0024","3.49"
"NHG202501.txt","H-ZBAF52","1.670029","47.195831","-0.0024","3.49"
"NHG202501.txt","S-ZBAF65","1.654113","39.676229","-0.005","3.01"
"NHG202501.txt","H-ZBAF65","1.654113","39.676229","-0.005","3.01"
"NHG202501.txt","S-LAF1","1.693622","49.204598","-0.0016","3.97"
"NHG202501.txt","H-LAF1","1.693622","49.204598","-0.0016","3.97"
"NHG202501.txt","S-LAF2","1.716986","47.896793","-0.0057","4.18"
"NHG202501.txt","H-LAF2","1.716986","47.896793","-0.0057","4.18"
"NHG202501.txt","S-LAF2A","1.716997","47.895527","-0.0037","4.21"
"NHG202501.txt","H-LAF2A","1.716997","47.895527","-0.0037","4.21"
"NHG202501.txt","S-LAF3B","1.744","44.892639","-0.006","4.32"
"NHG202501.txt","H-LAF3B","1.744","44.892639","-0.006","4.32"
"NHG202501.txt","H-LAF3C","1.743998","44.902483","-0.006","4.34"
"NHG202501.txt","S-LAF3C","1.743998","44.902483","-0.006","4.34"
"NHG202501.txt","S-LAF4","1.7495","35.011465","0.0013","3.85"
"NHG202501.txt","H-LAF4","1.7495","35.011465","0.0013","3.85"
"NHG202501.txt","S-LAF4A","1.749499","35.022728","0.0027","3.84"
"NHG202501.txt","H-LAF4A","1.749499","35.022728","0.0027","3.84"
"NHG202501.txt","S-LAF6LB","1.756995","47.698657","-0.0097","4.25"
"NHG202501.txt","H-LAF6LB","1.756995","47.698657","-0.0097","4.25"
"NHG202501.txt","S-LAF7","1.78179","37.078745","-0.0003","4.13"
"NHG202501.txt","H-LAF7","1.78179","37.078745","-0.0003","4.13"
"NHG202501.txt","S-LAF10A","1.787993","47.469992","-0.0108","4.28"
"NHG202501.txt","H-LAF10A","1.787993","47.469992","-0.0108","4.28"
"NHG202501.txt","S-LAF50","1.772494","49.578677","-0.009","4.27"
"NHG202501.txt","H-LAF50","1.772494","49.578677","-0.009","4.27"
"NHG202501.txt","S-LAF50B","1.772497","49.598857","-0.0097","4.23"
"NHG202501.txt","H-LAF50B","1.772497","49.598857","-0.0097","4.23"
"NHG202501.txt","S-LAF51","1.699992","48.056847","-0.0019","4.01"
"NHG202501.txt","H-LAF51","1.699992","48.056847","-0.0019","4.01"
"NHG202501.txt","S-LAF52","1.785895","44.174617","-0.0068","4.38"
"NHG202501.txt","H-LAF52","1.785895","44.174617","-0.0068","4.38"
"NHG202501.txt","S-LAF53","1.743297","49.238486","-0.0082","4.15"
"NHG202501.txt","H-LAF53","1.743297","49.238486","-0.0082","4.15"
"NHG202501.txt","S-LAF54","1.799497","42.320071","-0.0072","4.4"
"NHG202501.txt","H-LAF54","1.799497","42.320071","-0.0072","4.4"
"NHG202501.txt","S-LAF55","1.749505","35.336343","-0.0061","3.23"
"NHG202501.txt","H-LAF55","1.749505","35.336343","-0.0061","3.23"
"NHG202501.txt","S-LAF56","1.799517","42.241245","-0.006","4.6"
"NHG202501.txt","H-LAF56","1.799517","42.241245","-0.006","4.6"
"NHG202501.txt","S-LAF62","1.720003","43.658445","-0.0038","3.71"
"NHG202501.txt","H-LAF62","1.720003","43.658445","-0.0038","3.71"
"NHG202501.txt","S-LAF72","1.720001","46.034845","-0.0021","3.88"
"NHG202501.txt","H-LAF72","1.720001","46.034845","-0.0021","3.88"
"NHG202501.txt","S-LAF76","1.762005","40.086686","-0.0036","3.97"
"NHG202501.txt","H-LAF76","1.762005","40.086686","-0.0036","3.97"
"NHG202501.txt","S-ZLAF1","1.801654","44.27017","-0.0091","4.41"
"NHG202501.txt","H-ZLAF1","1.801654","44.27017","-0.0091","4.41"
"NHG202501.txt","S-ZLAF2","1.802784","46.727914","-0.0079","4.68"
"NHG202501.txt","H-ZLAF2","1.802784","46.727914","-0.0079","4.68"
"NHG202501.txt","S-ZLAF3","1.855442","36.570666","-0.0033","4.59"
"NHG202501.txt","H-ZLAF3","1.855442","36.570666","-0.0033","4.59"
"NHG202501.txt","S-ZLAF50","1.803999","46.56056","-0.0095","4.47"
"NHG202501.txt","H-ZLAF50","1.803999","46.56056","-0.0095","4.47"
"NHG202501.txt","S-ZLAF51","1.804501","39.621321","-0.0048","4.26"
"NHG202501.txt","H-ZLAF51","1.804501","39.621321","-0.0048","4.26"
"NHG202501.txt","S-ZLAF52","1.8061","40.92767","-0.0077","4.35"
"NHG202501.txt","H-ZLAF52","1.8061","40.92767","-0.0077","4.35"
"NHG202501.txt","S-ZLAF53","1.833996","37.3209","0.0005","4.56"
"NHG202501.txt","H-ZLAF53","1.833996","37.3209","0.0005","4.56"
"NHG202501.txt","S-ZLAF54","1.815997","46.543399","-0.0112","5.04"
"NHG202501.txt","H-ZLAF54","1.815997","46.543399","-0.0112","5.04"
"NHG202501.txt","H-ZLAF54A","1.815999","46.551778","-0.0089","4.99"
"NHG202501.txt","S-ZLAF54A","1.815999","46.551778","-0.0089","4.99"
"NHG202501.txt","S-ZLAF55F","1.834796","42.72929","-0.0077","4.66"
"NHG202501.txt","H-ZLAF55F","1.834796","42.72929","-0.0077","4.66"
"NHG202501.txt","S-ZLAF56","1.806095","33.25428","0.0039","3.56"
"NHG202501.txt","H-ZLAF56","1.806095","33.25428","0.0039","3.56"
"NHG202501.txt","S-ZLAF56B","1.806096","33.266041","0.0043","3.75"
"NHG202501.txt","H-ZLAF56B","1.806096","33.266041","0.0043","3.75"
"NHG202501.txt","S-ZLAF57","1.800006","29.832716","0.0058","3.73"
"NHG202501.txt","H-ZLAF57","1.800006","29.832716","0.0058","3.73"
"NHG202501.txt","S-ZLAF59","1.8515","40.760621","-0.0064","4.72"
"NHG202501.txt","H-ZLAF59","1.8515","40.760621","-0.0064","4.72"
"NHG202501.txt","S-ZLAF60","1.850266","32.267394","0.0009","4"
"NHG202501.txt","H-ZLAF60","1.850266","32.267394","0.0009","4"
"NHG202501.txt","S-ZLAF60GT","1.850266","32.267394","0.0009","4"
"NHG202501.txt","H-ZLAF60GT","1.850266","32.267394","0.0009","4"
"NHG202501.txt","H-ZLAF60A","1.850262","32.27262","0.0028","4.43"
"NHG202501.txt","S-ZLAF60A","1.850262","32.27262","0.0028","4.43"
"NHG202501.txt","S-ZLAF64","1.870704","40.733655","-0.0076","4.84"
"NHG202501.txt","H-ZLAF64","1.870704","40.733655","-0.0076","4.84"
"NHG202501.txt","S-ZLAF65","1.874085","30.553714","0.0083","4.55"
"NHG202501.txt","H-ZLAF65","1.874085","30.553714","0.0083","4.55"
"NHG202501.txt","S-ZLAF66A","1.800988","34.975184","0.0021","3.76"
"NHG202501.txt","H-ZLAF66A","1.800988","34.975184","0.0021","3.76"
"NHG202501.txt","S-ZLAF67","1.881002","40.129704","-0.0071","5.2"
"NHG202501.txt","H-ZLAF67","1.881002","40.129704","-0.0071","5.2"
"NHG202501.txt","S-ZLAF68A","1.882993","40.785419","-0.0067","5.47"
"NHG202501.txt","H-ZLAF68A","1.882993","40.785419","-0.0067","5.47"
"NHG202501.txt","S-ZLAF68L","1.883008","39.22153","-0.0086","5.12"
"NHG202501.txt","H-ZLAF68L","1.883008","39.22153","-0.0086","5.12"
"NHG202501.txt","S-ZLAF70","1.903664","31.315705","0.0031","4.54"
"NHG202501.txt","H-ZLAF70","1.903664","31.315705","0.0031","4.54"
"NHG202501.txt","S-ZLAF70GT","1.903664","31.315705","0.0031","4.54"
"NHG202501.txt","H-ZLAF70GT","1.903664","31.315705","0.0031","4.54"
"NHG202501.txt","S-ZLAF70B","1.903653","31.299045","0.0052","4.53"
"NHG202501.txt","H-ZLAF70B","1.903653","31.299045","0.0052","4.53"
"NHG202501.txt","S-ZLAF72","1.91082","35.237922","-0.0014","4.88"
"NHG202501.txt","H-ZLAF72","1.91082","35.237922","-0.0014","4.88"
"NHG202501.txt","S-ZLAF72A","1.91082","35.252177","-0.0014","4.82"
"NHG202501.txt","H-ZLAF72A","1.91082","35.252177","-0.0014","4.82"
"NHG202501.txt","S-ZLAF75","1.950007","29.372612","0.0043","4.77"
"NHG202501.txt","H-ZLAF75","1.950007","29.372612","0.0043","4.77"
"NHG202501.txt","S-ZLAF76","1.850134","30.065285","0.0042","3.97"
"NHG202501.txt","H-ZLAF76","1.850134","30.065285","0.0042","3.97"
"NHG202501.txt","H-ZLAF76A","1.850126","30.058678","0.0056","4.06"
"NHG202501.txt","S-ZLAF76A","1.850126","30.058678","0.0056","4.06"
"NHG202501.txt","S-ZLAF77A","1.953751","32.312957","0.0005","4.94"
"NHG202501.txt","H-ZLAF77A","1.953751","32.312957","0.0005","4.94"
"NHG202501.txt","S-ZLAF78","1.900684","37.116053","-0.0066","5.05"
"NHG202501.txt","H-ZLAF78","1.900684","37.116053","-0.0066","5.05"
"NHG202501.txt","S-ZLAF79","1.921193","23.956514","0.0146","3.86"
"NHG202501.txt","H-ZLAF79","1.921193","23.956514","0.0146","3.86"
"NHG202501.txt","S-ZLAF80","2.000693","25.466293","0.0146","4.76"
"NHG202501.txt","H-ZLAF80","2.000693","25.466293","0.0146","4.76"
"NHG202501.txt","H-ZLAF80A","2.000693","25.466293","0.0146","4.76"
"NHG202501.txt","S-ZLAF80A","2.000693","25.466293","0.0146","4.76"
"NHG202501.txt","S-ZLAF82","2.001002","29.133646","0.0045","5.02"
"NHG202501.txt","H-ZLAF82","2.001002","29.133646","0.0045","5.02"
"NHG202501.txt","H-ZLAF82GT","2.001002","29.133646","0.0045","5.02"
"NHG202501.txt","S-ZLAF82GT","2.001002","29.133646","0.0045","5.02"
"NHG202501.txt","S-ZLAF86","1.882518","26.995659","0.0137","4.05"
"NHG202501.txt","H-ZLAF86","1.882518","26.995659","0.0137","4.05"
"NHG202501.txt","S-ZLAF95","2.050907","26.954089","0.0052","5.27"
"NHG202501.txt","H-ZLAF95","2.050907","26.954089","0.0052","5.27"
"NHG202501.txt","S-BIF200","2.002722","19.315968","0.0304","5.1"
"NHG202501.txt","H-BIF200","2.002722","19.315968","0.0304","5.1"
"NHG202501.txt","L-FK61","1.496996","81.555509","0.0305","3.67"
"NHG202501.txt","D-FK61","1.496996","81.555509","0.0305","3.67"
"NHG202501.txt","L-FK61@4","1.49752","81.642685","0.0305","3.67"
"NHG202501.txt","D-FK61@4","1.49752","81.642685","0.0305","3.67"
"NHG202501.txt","L-FK61@MY","1.495818","81.575229","0.0305","3.67"
"NHG202501.txt","D-FK61@MY","1.495818","81.575229","0.0305","3.67"
"NHG202501.txt","D-FK61-M70","1.496495","81.522928","0.0288","3.67"
"NHG202501.txt","L-FK61-M70","1.496495","81.522928","0.0288","3.67"
"NHG202501.txt","D-FK61-M70@4","1.496999","81.608093","0.0289","3.67"
"NHG202501.txt","L-FK61-M70@4","1.496999","81.608093","0.0289","3.67"
"NHG202501.txt","D-FK61-M70@MY","1.495295","81.479759","0.0279","3.67"
"NHG202501.txt","L-FK61-M70@MY","1.495295","81.479759","0.0279","3.67"
"NHG202501.txt","L-FK90","1.458596","90.172097","0.045","3.64"
"NHG202501.txt","D-FK90","1.458596","90.172097","0.045","3.64"
"NHG202501.txt","L-FK90@MY","1.457637","90.184389","0.045","3.64"
"NHG202501.txt","D-FK90@MY","1.457637","90.184389","0.045","3.64"
"NHG202501.txt","L-FK95","1.437001","95.12334","0.0475","3.56"
"NHG202501.txt","D-FK95","1.437001","95.12334","0.0475","3.56"
"NHG202501.txt","L-FK95@MY","1.436207","94.909412","0.0475","3.56"
"NHG202501.txt","D-FK95@MY","1.436207","94.909412","0.0475","3.56"
"NHG202501.txt","L-K9","1.516326","64.06745","-0.0025","2.39"
"NHG202501.txt","D-K9","1.516326","64.06745","-0.0025","2.39"
"NHG202501.txt","L-K9@4","1.51682","64.127979","-0.0025","2.39"
"NHG202501.txt","D-K9@4","1.51682","64.127979","-0.0025","2.39"
"NHG202501.txt","L-K9@MY","1.515115","64.058153","-0.0025","2.39"
"NHG202501.txt","D-K9@MY","1.515115","64.058153","-0.0025","2.39"
"NHG202501.txt","D-K9-M70","1.515506","63.896122","-0.0045","2.39"
"NHG202501.txt","L-K9-M70","1.515506","63.896122","-0.0045","2.39"
"NHG202501.txt","D-K9-M70@4","1.516002","64.013066","-0.0038","2.39"
"NHG202501.txt","L-K9-M70@4","1.516002","64.013066","-0.0038","2.39"
"NHG202501.txt","D-K9-M70@MY","1.514299","63.939639","0.0012","2.39"
"NHG202501.txt","L-K9-M70@MY","1.514299","63.939639","0.0012","2.39"
"NHG202501.txt","L-PK60","1.592009","66.950041","0.0077","3.27"
"NHG202501.txt","D-PK60","1.592009","66.950041","0.0077","3.27"
"NHG202501.txt","L-PK60@MY","1.58983","66.851898","0.0077","3.27"
"NHG202501.txt","D-PK60@MY","1.58983","66.851898","0.0077","3.27"
"NHG202501.txt","L-PK62","1.618804","63.820797","0.0083","3.51"
"NHG202501.txt","D-PK62","1.618804","63.820797","0.0083","3.51"
"NHG202501.txt","L-PK62@4","1.619599","63.941527","0.0083","3.51"
"NHG202501.txt","D-PK62@4","1.619599","63.941527","0.0083","3.51"
"NHG202501.txt","L-PK62@MY","1.616798","63.510315","0.0083","3.51"
"NHG202501.txt","D-PK62@MY","1.616798","63.510315","0.0083","3.51"
"NHG202501.txt","D-PK62-118","1.62087","63.827945","0","3.61"
"NHG202501.txt","L-PK70","1.525","70.26177","0.0033","2.63"
"NHG202501.txt","D-PK70","1.525","70.26177","0.0033","2.63"
"NHG202501.txt","L-PK70@4","1.526505","70.322168","0.0033","2.63"
"NHG202501.txt","D-PK70@4","1.526505","70.322168","0.0033","2.63"
"NHG202501.txt","L-PK70@MY","1.521256","70.303523","0.0033","2.63"
"NHG202501.txt","D-PK70@MY","1.521256","70.303523","0.0033","2.63"
"NHG202501.txt","L-ZK2N","1.587002","59.592198","-0.0025","2.98"
"NHG202501.txt","D-ZK2N","1.587002","59.592198","-0.0025","2.98"
"NHG202501.txt","L-ZK2N@4","1.587777","59.662089","-0.0025","2.98"
"NHG202501.txt","D-ZK2N@4","1.587777","59.662089","-0.0025","2.98"
"NHG202501.txt","L-ZK2N@MY","1.585121","59.445681","-0.0025","2.98"
"NHG202501.txt","D-ZK2N@MY","1.585121","59.445681","-0.0025","2.98"
"NHG202501.txt","L-ZK3L","1.589127","61.214718","-0.0065","2.79"
"NHG202501.txt","D-ZK3L","1.589127","61.214718","-0.0065","2.79"
"NHG202501.txt","L-ZK3L@4","1.589982","61.307871","-0.0065","2.79"
"NHG202501.txt","D-ZK3L@4","1.589982","61.307871","-0.0065","2.79"
"NHG202501.txt","L-ZK3L@MY","1.587065","61.086256","-0.0065","2.79"
"NHG202501.txt","D-ZK3L@MY","1.587065","61.086256","-0.0065","2.79"
"NHG202501.txt","L-ZK3L-M90","1.58831","60.991703","-0.0039","2.8"
"NHG202501.txt","D-ZK3L-M90","1.58831","60.991703","-0.0039","2.8"
"NHG202501.txt","L-ZK3L-M90@4","1.589132","61.190318","-0.0039","2.8"
"NHG202501.txt","D-ZK3L-M90@4","1.589132","61.190318","-0.0039","2.8"
"NHG202501.txt","L-ZK3L-M90@MY","1.586531","60.96686","-0.0039","2.8"
"NHG202501.txt","D-ZK3L-M90@MY","1.586531","60.96686","-0.0039","2.8"
"NHG202501.txt","L-ZK50","1.608858","57.913793","-0.0073","2.83"
"NHG202501.txt","D-ZK50","1.608858","57.913793","-0.0073","2.83"
"NHG202501.txt","L-ZK50@4","1.609817","58.024357","-0.0073","2.83"
"NHG202501.txt","D-ZK50@4","1.609817","58.024357","-0.0073","2.83"
"NHG202501.txt","L-ZK50@MY","1.606656","57.739755","-0.0073","2.83"
"NHG202501.txt","D-ZK50@MY","1.606656","57.739755","-0.0073","2.83"
"NHG202501.txt","L-LAK6","1.693496","53.187004","-0.0068","3.5"
"NHG202501.txt","D-LAK6","1.693496","53.187004","-0.0068","3.5"
"NHG202501.txt","L-LAK6@4","1.694656","53.299782","-0.0068","3.5"
"NHG202501.txt","D-LAK6@4","1.694656","53.299782","-0.0068","3.5"
"NHG202501.txt","L-LAK6@MY","1.69081","53.017919","-0.0068","3.5"
"NHG202501.txt","D-LAK6@MY","1.69081","53.017919","-0.0068","3.5"
"NHG202501.txt","D-LAK6-M90","1.692703","53.173345","-0.0095","3.5"
"NHG202501.txt","L-LAK6-M90","1.692703","53.173345","-0.0095","3.5"
"NHG202501.txt","D-LAK6-M90@4","1.693842","53.25532","-0.0095","3.5"
"NHG202501.txt","L-LAK6-M90@4","1.693842","53.25532","-0.0095","3.5"
"NHG202501.txt","D-LAK6-M90@MY","1.690014","52.97829","-0.0092","3.5"
"NHG202501.txt","L-LAK6-M90@MY","1.690014","52.97829","-0.0092","3.5"
"NHG202501.txt","L-ZF10","1.688941","31.094838","0.003","2.86"
"NHG202501.txt","D-ZF10","1.688941","31.094838","0.003","2.86"
"NHG202501.txt","L-ZF10@MY","1.684573","31.276862","0.003","2.86"
"NHG202501.txt","D-ZF10@MY","1.684573","31.276862","0.003","2.86"
"NHG202501.txt","L-ZF10A","1.68893","31.075184","0.0075","2.9"
"NHG202501.txt","D-ZF10A","1.68893","31.075184","0.0075","2.9"
"NHG202501.txt","L-ZF10A@4","1.690673","30.976129","0.0075","2.9"
"NHG202501.txt","D-ZF10A@4","1.690673","30.976129","0.0075","2.9"
"NHG202501.txt","L-ZF10A@MY","1.685281","31.280136","0.0075","2.9"
"NHG202501.txt","D-ZF10A@MY","1.685281","31.280136","0.0075","2.9"
"NHG202501.txt","D-ZF10A-M270","1.686464","31.341715","0.007","2.9"
"NHG202501.txt","L-ZF10A-M270","1.686464","31.341715","0.007","2.9"
"NHG202501.txt","D-ZF10A-M270@MY","1.682712","31.551158","0.0135","2.9"
"NHG202501.txt","L-ZF10A-M270@MY","1.682712","31.551158","0.0135","2.9"
"NHG202501.txt","D-ZF10A-M270@4","1.688105","31.241899","0.0077","2.9"
"NHG202501.txt","L-ZF10A-M270@4","1.688105","31.241899","0.0077","2.9"
"NHG202501.txt","L-ZF52N","1.846657","23.774737","0.0196","3.36"
"NHG202501.txt","D-ZF52N","1.846657","23.774737","0.0196","3.36"
"NHG202501.txt","L-ZF52N@MY","1.841269","23.943263","0.0196","3.36"
"NHG202501.txt","D-ZF52N@MY","1.841269","23.943263","0.0196","3.36"
"NHG202501.txt","L-ZF93","2.001708","20.702338","0.0328","6.02"
"NHG202501.txt","D-ZF93","2.001708","20.702338","0.0328","6.02"
"NHG202501.txt","L-LAF050","1.768011","49.240158","-0.0091","4.56"
"NHG202501.txt","D-LAF050","1.768011","49.240158","-0.0091","4.56"
"NHG202501.txt","L-LAF050@4","1.769167","49.321373","-0.0091","4.56"
"NHG202501.txt","D-LAF050@4","1.769167","49.321373","-0.0091","4.56"
"NHG202501.txt","L-LAF050@MY","1.765171","49.217926","-0.0091","4.56"
"NHG202501.txt","D-LAF050@MY","1.765171","49.217926","-0.0091","4.56"
"NHG202501.txt","L-LAF50","1.772495","49.46528","-0.0077","4.62"
"NHG202501.txt","D-LAF50","1.772495","49.46528","-0.0077","4.62"
"NHG202501.txt","L-LAF50@4","1.773713","49.554893","-0.0077","4.62"
"NHG202501.txt","D-LAF50@4","1.773713","49.554893","-0.0077","4.62"
"NHG202501.txt","L-LAF50@MY","1.769633","49.32991","-0.0077","4.62"
"NHG202501.txt","D-LAF50@MY","1.769633","49.32991","-0.0077","4.62"
"NHG202501.txt","L-LAF50-170","1.774196","49.412664","-0.0108","4.62"
"NHG202501.txt","D-LAF50-170","1.774196","49.412664","-0.0108","4.62"
"NHG202501.txt","L-LAF50-170@4","1.775413","49.488431","-0.0108","4.62"
"NHG202501.txt","D-LAF50-170@4","1.775413","49.488431","-0.0108","4.62"
"NHG202501.txt","L-LAF50-170@MY","1.771333","49.254187","-0.0108","4.62"
"NHG202501.txt","D-LAF50-170@MY","1.771333","49.254187","-0.0108","4.62"
"NHG202501.txt","L-LAF731","1.730765","40.505047","-0.0049","3.21"
"NHG202501.txt","D-LAF731","1.730765","40.505047","-0.0049","3.21"
"NHG202501.txt","L-LAF731@4","1.731655","40.512038","-0.0049","3.21"
"NHG202501.txt","D-LAF731@4","1.731655","40.512038","-0.0049","3.21"
"NHG202501.txt","L-LAF731@MY","1.72869","40.412434","-0.0049","3.21"
"NHG202501.txt","D-LAF731@MY","1.72869","40.412434","-0.0049","3.21"
"NHG202501.txt","L-LAF743","1.743301","49.337395","-0.0095","4.23"
"NHG202501.txt","D-LAF743","1.743301","49.337395","-0.0095","4.23"
"NHG202501.txt","L-LAF743@4","1.744468","49.417815","-0.0095","4.23"
"NHG202501.txt","D-LAF743@4","1.744468","49.417815","-0.0095","4.23"
"NHG202501.txt","L-LAF743@MY","1.740608","49.280811","-0.0095","4.23"
"NHG202501.txt","D-LAF743@MY","1.740608","49.280811","-0.0095","4.23"
"NHG202501.txt","L-ZLAF50","1.801377","45.432639","-0.0078","4.81"
"NHG202501.txt","D-ZLAF50","1.801377","45.432639","-0.0078","4.81"
"NHG202501.txt","L-ZLAF52L","1.806098","40.720842","-0.008","4.43"
"NHG202501.txt","D-ZLAF52L","1.806098","40.720842","-0.008","4.43"
"NHG202501.txt","L-ZLAF52L@4","1.807348","40.771891","-0.008","4.43"
"NHG202501.txt","D-ZLAF52L@4","1.807348","40.771891","-0.008","4.43"
"NHG202501.txt","L-ZLAF52L@MY","1.803423","40.687831","-0.008","4.43"
"NHG202501.txt","D-ZLAF52L@MY","1.803423","40.687831","-0.008","4.43"
"NHG202501.txt","L-ZLAF52N","1.809992","41.012662","-0.0081","4.47"
"NHG202501.txt","D-ZLAF52N","1.809992","41.012662","-0.0081","4.47"
"NHG202501.txt","L-ZLAF52N@4","1.811186","41.041599","-0.0081","4.47"
"NHG202501.txt","D-ZLAF52N@4","1.811186","41.041599","-0.0081","4.47"
"NHG202501.txt","L-ZLAF52N@MY","1.807311","40.957648","-0.0081","4.47"
"NHG202501.txt","D-ZLAF52N@MY","1.807311","40.957648","-0.0081","4.47"
"NHG202501.txt","L-ZLAF52N-M170","1.808343","40.93257","-0.0086","4.47"
"NHG202501.txt","D-ZLAF52N-M170","1.808343","40.93257","-0.0086","4.47"
"NHG202501.txt","L-ZLAF52N-M170@4","1.809577","40.962317","-0.0086","4.47"
"NHG202501.txt","D-ZLAF52N-M170@4","1.809577","40.962317","-0.0086","4.47"
"NHG202501.txt","L-ZLAF52N-M170@MY","1.805663","40.879778","-0.0086","4.47"
"NHG202501.txt","D-ZLAF52N-M170@MY","1.805663","40.879778","-0.0086","4.47"
"NHG202501.txt","L-ZLAF53","1.834407","37.267764","-0.0021","4.46"
"NHG202501.txt","D-ZLAF53","1.834407","37.267764","-0.0021","4.46"
"NHG202501.txt","L-ZLAF53@4","1.835905","37.286877","-0.0021","4.46"
"NHG202501.txt","D-ZLAF53@4","1.835905","37.286877","-0.0021","4.46"
"NHG202501.txt","L-ZLAF53@MY","1.830883","37.183277","-0.0021","4.46"
"NHG202501.txt","D-ZLAF53@MY","1.830883","37.183277","-0.0021","4.46"
"NHG202501.txt","L-ZLAF814","1.814743","37.039035","-0.0058","4.2"
"NHG202501.txt","D-ZLAF814","1.814743","37.039035","-0.0058","4.2"
"NHG202501.txt","L-ZLAF814@MY","1.811259","37.08392","-0.0058","4.2"
"NHG202501.txt","D-ZLAF814@MY","1.811259","37.08392","-0.0058","4.2"
"NHG202501.txt","L-ZLAF851","1.851348","40.098795","-0.007","4.81"
"NHG202501.txt","D-ZLAF851","1.851348","40.098795","-0.007","4.81"
"NHG202501.txt","L-ZLAF851@4","1.852638","40.128045","-0.007","4.81"
"NHG202501.txt","D-ZLAF851@4","1.852638","40.128045","-0.007","4.81"
"NHG202501.txt","L-ZLAF851@MY","1.848506","40.060413","-0.007","4.81"
"NHG202501.txt","D-ZLAF851@MY","1.848506","40.060413","-0.007","4.81"
"NHG202501.txt","F4","1.620047","36.340514","0","3.57"
"NHG202501.txt","ZF1","1.647693","33.832464","0.0019","3.85"
"NHG202501.txt","ZF2","1.672702","32.169327","0.0009","4.07"
"NHG202501.txt","ZF3","1.717368","29.498247","0.0021","4.46"
"NHG202501.txt","ZF4","1.728257","28.328065","0.0019","4.52"
"NHG202501.txt","ZF6","1.755209","27.540108","0.0036","4.78"
"NHG202501.txt","ZF7L","1.805187","25.457996","0.0094","5.17"
"NHG202501.txt","ZF13","1.78472","25.754997","0.0139","4.89"
"NHG202501.txt","LAF5","1.75364","37.67144","-0.0009","4.16"
"NHG202501.txt","ZLAF58","1.80336","31.443231","0.0025","4.86"
"NHG202501.txt","IRG102","1.679506","53.248942","0","3.1"
"NHG202501.txt","IRG104","1.662518","57.090442","0","3.4"
"NHG202501.txt","IRG105","1.946277","22.754122","0","5.62"
"NHG202501.txt","IRG201","0","4.42","4","17"
"NHG202501.txt","IRG202","0","4.41","2","12.5"
"NHG202501.txt","IRG203","0","4.71","4","12.5"
"NHG202501.txt","IRG204","0","4.72","2","10"
"NHG202501.txt","IRG205","0","4.68","3","13.5"
"NHG202501.txt","IRG206","0","4.63","1","10"
"NHG202501.txt","IRG207","0","4.49","3","12"
"NHG202501.txt","IRG208","0","3.19","4","12"
"NHG202501.txt","IRG209","0","5.31","3","17"
"PLASTIC2020.txt","OKP4HTL","1.632809","23.335639","0","1"
"PLASTIC2020.txt","OKP1","1.642199","22.408848","0","1"
"PLASTIC2020.txt","APL5014","1.544502","55.991882","0","1.04"
"PLASTIC2020.txt","APL5014CL","1.544502","55.986991","0","1.0489"
"PLASTIC2020.txt","AD5503","1.584178","30.374199","0","1"
"PLASTIC2020.txt","APL5514ML","1.544919","55.929938","0","1.04"
"PLASTIC2020.txt","EP3500","1.57309","37.665527","0.023","1"
"PLASTIC2020.txt","EP4500","1.616094","25.794582","0.024","1"
"PLASTIC2020.txt","EP5000","1.636164","23.916758","0.033","1"
"PLASTIC2020.txt","EP6000","1.639746","23.503337","0.036","1"
"PLASTIC2020.txt","EP7000","1.65079","21.544648","0.051","1"
"PLASTIC2020.txt","EP8000","1.661316","20.381513","0.052","1"
"PLASTIC2020.txt","EP9000","1.671385","19.275802","0.058","1"
"PLASTIC2020.txt","OKP4","1.607283","26.645105","0","1"
"PLASTIC2020.txt","OKP4HT","1.631911","23.415194","0","1"
"PLASTIC2020.txt","SP-1516","1.614301","25.754003","0","1"
"PLASTIC2020.txt","SP-3810","1.639267","23.352359","0","1"
"PLASTIC2020.txt","SP-5580","1.585002","28.210316","0","1"
"PLASTIC2020.txt","330R","1.509398","56.474468","0","0.95"
"PLASTIC2020.txt","480R","1.52512","56.281563","0","1.01"
"PLASTIC2020.txt","F4520","1.511159","57.124179","0","1.08"
"PLASTIC2020.txt","T62R","1.536497","55.980688","0","1.03"
"PLASTIC2020.txt","F52R","1.534611","56.072141","0","1.02"
"PLASTIC2020.txt","E48R","1.531131","55.753857","0","1.01"
"PLASTIC2020.txt","K26R","1.535037","55.7107","0","1.01"
"PLASTIC2020.txt","APL5014GH","1.544919","55.929938","0","1.04"
